Cluster,TaskSimilarity,CauseSimilarity,EventSimilarity,InfluenceSimilarity
0,0.9791694318305996,0.26977162976361985,0.24582683319974802,0.4399699020196277
1,0.9887911205642794,0.2724349458124831,0.9191746013296163,0.31190196817820787
2,0.967548813368823,0.2577600398390377,0.8121584275284329,0.903138483966793
